Datetime,Water Level (m)
2026-08-13 00:00:00,0.12966384
2026-08-13 01:00:00,0.6739049
2026-08-13 02:00:00,1.1395829
2026-08-13 03:00:00,1.5259959
2026-08-13 04:00:00,1.7414223
2026-08-13 05:00:00,1.6140673
2026-08-13 06:00:00,1.0854372
2026-08-13 07:00:00,0.43677485
2026-08-13 08:00:00,-0.09846554
2026-08-13 09:00:00,-0.46452403
2026-08-13 10:00:00,-0.62829274
2026-08-13 11:00:00,-0.47215572
2026-08-13 12:00:00,-0.114985324
2026-08-13 13:00:00,0.36964944
2026-08-13 14:00:00,0.83325565
2026-08-13 15:00:00,1.1933395
2026-08-13 16:00:00,1.4398801
2026-08-13 17:00:00,1.4237573
2026-08-13 18:00:00,1.0454186
2026-08-13 19:00:00,0.45840546
2026-08-13 20:00:00,-0.07957821
2026-08-13 21:00:00,-0.46034917
2026-08-13 22:00:00,-0.641239
2026-08-13 23:00:00,-0.52351797
2026-08-14 00:00:00,-0.15299308
2026-08-14 01:00:00,0.37100905
2026-08-14 02:00:00,0.9082547
2026-08-14 03:00:00,1.3428683
2026-08-14 04:00:00,1.6784217
2026-08-14 05:00:00,1.7687919
2026-08-14 06:00:00,1.4635829
2026-08-14 07:00:00,0.8622381
2026-08-14 08:00:00,0.27476478
2026-08-14 09:00:00,-0.18560551
2026-08-14 10:00:00,-0.51505667
2026-08-14 11:00:00,-0.59904194
2026-08-14 12:00:00,-0.32575595
2026-08-14 13:00:00,0.103817835
2026-08-14 14:00:00,0.6121284
2026-08-14 15:00:00,1.0619199
2026-08-14 16:00:00,1.3983649
2026-08-14 17:00:00,1.575275
2026-08-14 18:00:00,1.408671
2026-08-14 19:00:00,0.901769
2026-08-14 20:00:00,0.3175762
2026-08-14 21:00:00,-0.15045883
2026-08-14 22:00:00,-0.462351
2026-08-14 23:00:00,-0.57294595
2026-08-15 00:00:00,-0.35388535
2026-08-15 01:00:00,0.05917935
2026-08-15 02:00:00,0.5891992
2026-08-15 03:00:00,1.0832714
2026-08-15 04:00:00,1.4720448
2026-08-15 05:00:00,1.7203785
2026-08-15 06:00:00,1.6432334
2026-08-15 07:00:00,1.1765971
2026-08-15 08:00:00,0.57156765
2026-08-15 09:00:00,0.0537488
2026-08-15 10:00:00,-0.34045628
2026-08-15 11:00:00,-0.552036
2026-08-15 12:00:00,-0.4748294
2026-08-15 13:00:00,-0.13971464
2026-08-15 14:00:00,0.32660407
2026-08-15 15:00:00,0.8108372
2026-08-15 16:00:00,1.2005653
2026-08-15 17:00:00,1.4862444
2026-08-15 18:00:00,1.5396714
2026-08-15 19:00:00,1.2383195
2026-08-15 20:00:00,0.69357216
2026-08-15 21:00:00,0.1827925
2026-08-15 22:00:00,-0.19683298
2026-08-15 23:00:00,-0.42521045
2026-08-16 00:00:00,-0.41327417
2026-08-16 01:00:00,-0.13150205
2026-08-16 02:00:00,0.30820072
2026-08-16 03:00:00,0.79437387
2026-08-16 04:00:00,1.2135974
2026-08-16 05:00:00,1.5288523
2026-08-16 06:00:00,1.6411071
2026-08-16 07:00:00,1.3999941
2026-08-16 08:00:00,0.87056017
2026-08-16 09:00:00,0.32467365
2026-08-16 10:00:00,-0.111432746
2026-08-16 11:00:00,-0.4055016
2026-08-16 12:00:00,-0.49234742
2026-08-16 13:00:00,-0.28070736
2026-08-16 14:00:00,0.07594919
2026-08-16 15:00:00,0.5303808
2026-08-16 16:00:00,0.9464958
2026-08-16 17:00:00,1.2745482
2026-08-16 18:00:00,1.4720986
2026-08-16 19:00:00,1.3731458
2026-08-16 20:00:00,0.9740834
2026-08-16 21:00:00,0.46845827
2026-08-16 22:00:00,0.04623293
2026-08-16 23:00:00,-0.24897861
2026-08-17 00:00:00,-0.36915326
2026-08-17 01:00:00,-0.23662457
2026-08-17 02:00:00,0.073297404
2026-08-17 03:00:00,0.493919
2026-08-17 04:00:00,0.90429634
2026-08-17 05:00:00,1.2339582
2026-08-17 06:00:00,1.4381022
2026-08-17 07:00:00,1.379075
2026-08-17 08:00:00,1.0175067
2026-08-17 09:00:00,0.5258196
2026-08-17 10:00:00,0.0913507
2026-08-17 11:00:00,-0.2317121
2026-08-17 12:00:00,-0.40236694
2026-08-17 13:00:00,-0.35537842
2026-08-17 14:00:00,-0.101888545
2026-08-17 15:00:00,0.27585742
2026-08-17 16:00:00,0.6882436
2026-08-17 17:00:00,1.0323739
2026-08-17 18:00:00,1.2870773
2026-08-17 19:00:00,1.3545383
2026-08-17 20:00:00,1.136088
2026-08-17 21:00:00,0.7246344
2026-08-17 22:00:00,0.32237613
2026-08-17 23:00:00,0.0067320294
2026-08-18 00:00:00,-0.19476345
2026-08-18 01:00:00,-0.20711711
2026-08-18 02:00:00,-0.031057224
2026-08-18 03:00:00,0.2821438
2026-08-18 04:00:00,0.6501115
2026-08-18 05:00:00,0.969907
2026-08-18 06:00:00,1.205411
2026-08-18 07:00:00,1.2680383
2026-08-18 08:00:00,1.068745
2026-08-18 09:00:00,0.6770888
2026-08-18 10:00:00,0.29056847
2026-08-18 11:00:00,-0.015479269
2026-08-18 12:00:00,-0.23278683
2026-08-18 13:00:00,-0.30285865
2026-08-18 14:00:00,-0.17905049
2026-08-18 15:00:00,0.091692515
2026-08-18 16:00:00,0.44436797
2026-08-18 17:00:00,0.76398945
2026-08-18 18:00:00,1.0389493
2026-08-18 19:00:00,1.2016728
2026-08-18 20:00:00,1.1564131
2026-08-18 21:00:00,0.8885858
2026-08-18 22:00:00,0.535876
2026-08-18 23:00:00,0.2368801
2026-08-19 00:00:00,0.0102170305
